state,Jan,Feb,Mar,Apr,May,Jun,Jul,Aug,Sep,Oct,Nov,Dec,Total,year
Andhra Pradesh,10694.0,7601.0,6413.0,9686.0,9761.0,11076.0,15499.0,16019.0,18734.0,16211.0,6397.0,14883.0,142974.0,2008
Arunachal Pradesh,876.0,894.0,56.0,1411.0,1790.0,3111.0,2869.0,2733.0,3562.0,723.0,1677.0,545.0,20247.0,2008
Assam,5651.0,5979.0,6426.0,7456.0,8672.0,9684.0,8201.0,7264.0,7860.0,7930.0,7200.0,5845.0,88168.0,2008
Bihar,41.0,923.0,1423.0,996.0,554.0,590.0,1209.0,903.0,1289.0,1152.0,902.0,961.0,10943.0,2008
Chhattisgarh,5174.0,6046.0,6453.0,4714.0,4925.0,6250.0,6733.0,8409.0,7156.0,9716.0,7897.0,6847.0,80320.0,2008
Gujarat,25073.0,23902.0,21656.0,29561.0,28757.0,33813.0,37600.0,41020.0,54700.0,48891.0,41846.0,47545.0,434364.0,2008
Haryana,4219.0,3588.0,3592.0,5927.0,4306.0,4947.0,6141.0,6236.0,4993.0,7429.0,3984.0,4484.0,59846.0,2008
Jammu & Kashmir,1105.0,750.0,669.0,2133.0,2347.0,4172.0,1659.0,1815.0,2369.0,1116.0,1068.0,902.0,20105.0,2008
Jharkhand,8978.0,8687.0,9386.0,7678.0,7526.0,8425.0,10937.0,12491.0,13709.0,12597.0,11514.0,12257.0,124185.0,2008
Karnataka,9513.0,8618.0,7676.0,25200.0,25397.0,24330.0,24311.0,24460.0,27825.0,15775.0,25562.0,23191.0,241858.0,2008
Madhya Pradesh,13576.0,12470.0,13918.0,15681.0,17992.0,19768.0,19952.0,25259.0,25294.0,23868.0,15483.0,17649.0,220910.0,2008
Maharashtra,339.0,378.0,660.0,958.0,1023.0,1213.0,1654.0,3251.0,2231.0,1548.0,1442.0,1282.0,15979.0,2008
Manipur,349.0,224.0,349.0,1171.0,1005.0,1100.0,960.0,1035.0,1132.0,605.0,478.0,491.0,8899.0,2008
Meghalaya,4379.0,3814.0,2197.0,7995.0,9179.0,6532.0,7522.0,8275.0,9032.0,9708.0,3234.0,3745.0,75612.0,2008
Nagaland,476.0,660.0,720.0,360.0,470.0,433.0,749.0,745.0,526.0,746.0,365.0,247.0,6497.0,2008
Odisha,17454.0,10760.0,18093.0,25208.0,26669.0,27344.0,34159.0,33199.0,33940.0,16646.0,15398.0,19149.0,278019.0,2008
Punjab,750.0,432.0,793.0,1030.0,930.0,966.0,1087.0,993.0,875.0,757.0,619.0,1299.0,10531.0,2008
Rajasthan,22862.0,23209.0,43238.0,2595.0,2628.0,2136.0,2769.0,46212.0,15358.0,20214.0,23784.0,24761.0,229766.0,2008
Tamil Nadu,118020.0,122786.0,110074.0,99365.0,101888.0,114325.0,114253.0,111631.0,106374.0,118413.0,123719.0,132789.0,1373637.0,2008
Tripura,747.0,527.0,909.0,6090.0,10482.0,10495.0,2681.0,9967.0,2521.0,8555.0,2333.0,1525.0,56832.0,2008
Uttar Pradesh,6598.0,2168.0,1064.0,1363.0,788.0,830.0,920.0,824.0,1373.0,942.0,420.0,6417.0,23707.0,2008
Uttarakhand,2550.0,536.0,1800.0,1867.0,3517.0,2833.0,2737.0,2012.0,1850.0,4362.0,2013.0,2349.0,28426.0,2008
West Bengal,23287.0,19122.0,13873.0,14771.0,27975.0,39548.0,25852.0,19128.0,44241.0,19834.0,20937.0,12760.0,281328.0,2008
A & N Islands,117.0,134.0,146.0,48.0,157.0,222.0,137.0,153.0,154.0,165.0,187.0,166.0,1786.0,2009
Andhra Pradesh,3355.0,4060.0,4576.0,6426.0,6928.0,5953.0,5077.0,4584.0,6582.0,3349.0,2846.0,4029.0,57765.0,2009
Arunachal Pradesh,573.0,108.0,308.0,320.0,1205.0,563.0,586.0,1077.0,1073.0,549.0,701.0,532.0,7595.0,2009
Assam,1462.0,2403.0,1843.0,5405.0,5828.0,7418.0,6483.0,5208.0,2033.0,3051.0,3367.0,1778.0,46279.0,2009
Bihar,1366.0,2716.0,2812.0,712.0,1477.0,1506.0,1980.0,1850.0,1915.0,2797.0,4382.0,3194.0,26707.0,2009
Chandigarh,97.0,91.0,88.0,116.0,178.0,51.0,189.0,152.0,2.0,112.0,191.0,39.0,1306.0,2009
Chhattisgarh,8595.0,7880.0,7008.0,4701.0,5009.0,5907.0,7220.0,10322.0,8270.0,8051.0,9061.0,7893.0,89917.0,2009
Delhi,3837.0,5013.0,6980.0,3460.0,3034.0,1872.0,2363.0,2217.0,2612.0,2988.0,4558.0,4045.0,42979.0,2009
Goa,134.0,169.0,182.0,65.0,87.0,98.0,273.0,264.0,377.0,163.0,171.0,172.0,2155.0,2009
Gujarat,1285.0,1153.0,1214.0,1984.0,2211.0,1949.0,2378.0,3452.0,3190.0,3624.0,2943.0,2171.0,27554.0,2009
Haryana,6647.0,5073.0,4499.0,3371.0,3310.0,3544.0,3826.0,4184.0,4427.0,3314.0,4217.0,5361.0,51773.0,2009
Himachal Pradesh,1564.0,698.0,826.0,923.0,446.0,375.0,997.0,1085.0,1351.0,964.0,1489.0,2881.0,13599.0,2009
Jammu & Kashmir,2093.0,1835.0,1636.0,1123.0,1214.0,1274.0,1789.0,1484.0,1335.0,1664.0,1720.0,2572.0,19739.0,2009
Jharkhand,786.0,616.0,371.0,508.0,428.0,622.0,827.0,1525.0,1094.0,905.0,463.0,623.0,8768.0,2009
Karnataka,12306.0,6397.0,8622.0,18673.0,7757.0,9762.0,9691.0,8299.0,8066.0,8464.0,8624.0,7242.0,113903.0,2009
Kerala,5124.0,3746.0,5352.0,4500.0,11865.0,10658.0,3948.0,6372.0,4541.0,9261.0,8315.0,4312.0,77994.0,2009
Madhya Pradesh,9651.0,8979.0,7633.0,6067.0,6476.0,5643.0,7364.0,10926.0,9828.0,9201.0,10856.0,8389.0,101013.0,2009
Maharashtra,1939.0,2065.0,843.0,597.0,481.0,690.0,867.0,1148.0,1227.0,1406.0,1674.0,1624.0,14561.0,2009
Manipur,163.0,207.0,276.0,745.0,877.0,654.0,478.0,557.0,384.0,227.0,239.0,260.0,5067.0,2009
Meghalaya,475.0,741.0,704.0,520.0,835.0,1741.0,1333.0,663.0,552.0,941.0,912.0,643.0,10060.0,2009
Mizoram,336.0,258.0,202.0,1304.0,217.0,179.0,215.0,309.0,205.0,341.0,398.0,384.0,4348.0,2009
Nagaland,295.0,176.0,358.0,519.0,302.0,263.0,193.0,659.0,499.0,570.0,438.0,299.0,4571.0,2009
Odisha,8598.0,9305.0,7332.0,8539.0,7349.0,6425.0,8264.0,9058.0,9077.0,10014.0,8011.0,8079.0,100051.0,2009
Puducherry,1120.0,946.0,1047.0,180.0,105.0,141.0,286.0,801.0,1981.0,618.0,769.0,1500.0,9494.0,2009
Punjab,162.0,309.0,357.0,429.0,520.0,389.0,257.0,132.0,352.0,383.0,540.0,242.0,4072.0,2009
Rajasthan,6820.0,4661.0,4292.0,4877.0,1667.0,6665.0,9493.0,6502.0,3975.0,5097.0,6294.0,6920.0,67263.0,2009
Sikkim,129.0,125.0,164.0,99.0,46.0,80.0,103.0,29.0,18.0,58.0,148.0,47.0,1046.0,2009
Tamil Nadu,52253.0,59654.0,62734.0,69080.0,91167.0,47685.0,52681.0,50384.0,53835.0,48799.0,53073.0,55722.0,697067.0,2009
Tripura,351.0,1799.0,1520.0,645.0,978.0,4870.0,1117.0,848.0,615.0,900.0,769.0,774.0,15186.0,2009
Uttar Pradesh,1598.0,1079.0,1142.0,598.0,1477.0,479.0,893.0,2942.0,1531.0,2080.0,1417.0,3535.0,18771.0,2009
Uttarakhand,803.0,439.0,1342.0,2001.0,1523.0,1385.0,647.0,896.0,1084.0,685.0,444.0,706.0,11955.0,2009
West Bengal,37019.0,37915.0,39175.0,30734.0,48073.0,57916.0,46587.0,47246.0,47743.0,38834.0,41999.0,37393.0,510634.0,2009
A & N Islands,219.0,201.0,132.0,70.0,176.0,234.0,219.0,237.0,604.0,78.0,264.0,307.0,2741.0,2010
Andhra Pradesh,3470.0,2911.0,2456.0,2353.0,1868.0,3700.0,2065.0,2513.0,2540.0,3097.0,2810.0,2806.0,32589.0,2010
Arunachal Pradesh,270.0,226.0,247.0,1073.0,858.0,804.0,1633.0,950.0,769.0,227.0,575.0,659.0,8291.0,2010
Assam,1272.0,1186.0,1282.0,1332.0,1673.0,1796.0,1366.0,1565.0,2440.0,1566.0,1666.0,1782.0,18926.0,2010
Bihar,2057.0,5310.0,1929.0,3411.0,4230.0,4316.0,9339.0,2566.0,2360.0,2335.0,4044.0,1921.0,43818.0,2010
Chandigarh,301.0,252.0,261.0,246.0,285.0,205.0,110.0,179.0,209.0,279.0,323.0,270.0,2920.0,2010
Chhattisgarh,6276.0,4651.0,4657.0,3668.0,4313.0,5002.0,5942.0,6148.0,5513.0,5688.0,5429.0,6702.0,63989.0,2010
Delhi,3073.0,3923.0,2612.0,2259.0,2966.0,2278.0,1625.0,2399.0,2803.0,3233.0,2625.0,2901.0,32697.0,2010
Gujarat,2252.0,2574.0,1929.0,1521.0,1376.0,1283.0,2409.0,2741.0,3443.0,2883.0,2167.0,3038.0,27616.0,2010
Haryana,4618.0,4023.0,4263.0,3630.0,3450.0,4063.0,3807.0,4174.0,4380.0,3905.0,3951.0,4677.0,48941.0,2010
Himachal Pradesh,238.0,204.0,209.0,352.0,424.0,677.0,278.0,525.0,749.0,396.0,289.0,185.0,4526.0,2010
Jammu & Kashmir,1133.0,1372.0,880.0,2052.0,740.0,966.0,961.0,1960.0,2372.0,901.0,2200.0,2300.0,17837.0,2010
Jharkhand,185.0,251.0,200.0,1002.0,306.0,721.0,826.0,618.0,656.0,413.0,227.0,211.0,5616.0,2010
Karnataka,5227.0,4845.0,5618.0,5378.0,6665.0,6392.0,7432.0,7307.0,6289.0,4246.0,4871.0,4153.0,68423.0,2010
Kerala,3646.0,4570.0,4607.0,3326.0,5458.0,4958.0,5993.0,6055.0,4931.0,5480.0,6583.0,5130.0,60737.0,2010
Madhya Pradesh,7393.0,5807.0,5111.0,6027.0,4568.0,5398.0,5284.0,4872.0,9087.0,8193.0,6500.0,5569.0,73809.0,2010
Maharashtra,53.0,59.0,30.0,77.0,100.0,85.0,56.0,113.0,80.0,61.0,56.0,94.0,864.0,2010
Manipur,397.0,201.0,165.0,382.0,330.0,376.0,318.0,470.0,233.0,253.0,137.0,152.0,3414.0,2010
Meghalaya,610.0,360.0,392.0,563.0,473.0,1142.0,1382.0,2026.0,750.0,482.0,534.0,432.0,9146.0,2010
Mizoram,118.0,183.0,304.0,276.0,198.0,234.0,208.0,481.0,424.0,370.0,162.0,152.0,3110.0,2010
Nagaland,36.0,55.0,61.0,275.0,367.0,272.0,324.0,498.0,335.0,198.0,152.0,102.0,2675.0,2010
Odisha,5403.0,6138.0,7055.0,15852.0,6922.0,6585.0,7919.0,8185.0,9380.0,6788.0,7796.0,6280.0,94303.0,2010
Puducherry,493.0,445.0,314.0,327.0,329.0,445.0,910.0,2132.0,492.0,575.0,577.0,889.0,7928.0,2010
Punjab,181.0,143.0,219.0,386.0,349.0,135.0,141.0,224.0,179.0,134.0,131.0,178.0,2400.0,2010
Rajasthan,5052.0,6116.0,6119.0,4037.0,4240.0,4232.0,5054.0,5757.0,7933.0,6970.0,5533.0,6230.0,67273.0,2010
Sikkim,274.0,200.0,970.0,270.0,695.0,218.0,243.0,377.0,236.0,372.0,274.0,198.0,4327.0,2010
Tamil Nadu,46684.0,47352.0,42037.0,43335.0,47412.0,51045.0,50380.0,47978.0,53641.0,56801.0,48075.0,43008.0,577748.0,2010
Tripura,690.0,711.0,459.0,1977.0,1649.0,1872.0,1159.0,1112.0,850.0,298.0,494.0,683.0,11954.0,2010
Uttar Pradesh,1174.0,1015.0,1610.0,1611.0,3131.0,2606.0,3150.0,4060.0,5584.0,1450.0,5286.0,3889.0,34566.0,2010
Uttarakhand,699.0,674.0,588.0,909.0,1438.0,633.0,984.0,1199.0,1065.0,1242.0,1031.0,639.0,11101.0,2010
West Bengal,57105.0,52020.0,58903.0,35610.0,44992.0,48196.0,54207.0,62391.0,57075.0,53477.0,55450.0,54470.0,633896.0,2010
A & N Islands,144.0,136.0,166.0,143.0,121,171.0,209.0,335.0,272.0,120.0,162.0,113.0,2092.0,2011
Andhra Pradesh,2925.0,2372.0,2296.0,2073.0,2120,2161.0,2355.0,2679.0,2703.0,2753.0,2866.0,3597.0,30900.0,2011
Arunachal Pradesh,171.0,92.0,559.0,193.0,249,251.0,130.0,51.0,241.0,217.0,123.0,400.0,2677.0,2011
Assam,1399.0,1491.0,1554.0,1183.0,764,1233.0,2564.0,2105.0,1132.0,1183.0,1148.0,1051.0,16807.0,2011
Bihar,3682.0,5590.0,4746.0,2700.0,1930,3489.0,4164.0,3603.0,3703.0,5359.0,4084.0,5107.0,48157.0,2011
Chandigarh,208.0,453.0,539.0,266.0,215,167.0,148.0,138.0,444.0,285.0,357.0,234.0,3454.0,2011
Chhattisgarh,1419.0,1599.0,1437.0,804.0,1085,992.0,1045.0,1259.0,1607.0,1232.0,934.0,1052.0,14465.0,2011
Dadra & Nagar Haveli,0.0,0.0,4.0,0.0,0,0.0,0.0,2.0,0.0,0.0,0.0,2.0,8.0,2011
Daman & Diu,3.0,18.0,8.0,5.0,6,6.0,3.0,0.0,0.0,7.0,3.0,6.0,65.0,2011
Delhi,4124.0,3080.0,2202.0,2019.0,1387,1516.0,1621.0,1909.0,1866.0,3477.0,4566.0,4783.0,32550.0,2011
Goa,112.0,122.0,111.0,143.0,69,166.0,301.0,136.0,258.0,172.0,139.0,117.0,1846.0,2011
Gujarat,2822.0,2858.0,3760.0,1983.0,1918,2023.0,2352.0,2814.0,5673.0,7122.0,2389.0,3040.0,38754.0,2011
Haryana,4358.0,4362.0,3982.0,2607.0,1585,1616.0,2812.0,2638.0,3052.0,3058.0,3345.0,4226.0,37641.0,2011
Himachal Pradesh,333.0,208.0,229.0,117.0,130,152.0,197.0,195.0,252.0,328.0,198.0,262.0,2601.0,2011
Jammu & Kashmir,938.0,1119.0,1179.0,811.0,744,634.0,913.0,593.0,794.0,1017.0,1028.0,1073.0,10843.0,2011
Jharkhand,131.0,76.0,60.0,132.0,87,73.0,322.0,62.0,29.0,72.0,218.0,126.0,1388.0,2011
Karnataka,5735.0,9880.0,4679.0,4598.0,7515,4443.0,5606.0,5244.0,5221.0,5305.0,5146.0,5496.0,68868.0,2011
Kerala,5020.0,4154.0,3316.0,3905.0,3625,4332.0,5696.0,6702.0,9524.0,5500.0,5194.0,4682.0,61650.0,2011
Madhya Pradesh,4700.0,4573.0,3497.0,3583.0,4796,5302.0,6517.0,6898.0,4863.0,5522.0,5368.0,5689.0,61308.0,2011
Maharashtra,1612.0,1644.0,1003.0,1118.0,1248,1156.0,1439.0,1663.0,1332.0,1285.0,1216.0,964.0,15680.0,2011
Manipur,127.0,95.0,165.0,144.0,277,266.0,231.0,142.0,232.0,163.0,197.0,187.0,2226.0,2011
Meghalaya,286.0,540.0,604.0,658.0,550,548.0,763.0,510.0,398.0,376.0,229.0,246.0,5708.0,2011
Mizoram,160.0,197.0,159.0,263.0,302,378.0,279.0,281.0,254.0,204.0,182.0,236.0,2895.0,2011
Nagaland,67.0,111.0,122.0,88.0,120,169.0,181.0,135.0,119.0,108.0,57.0,45.0,1322.0,2011
Odisha,5120.0,5720.0,5576.0,4999.0,5927,3969.0,7394.0,6926.0,5696.0,7368.0,6364.0,5867.0,70926.0,2011
Puducherry,105.0,69.0,36.0,325.0,578,496.0,327.0,211.0,482.0,195.0,488.0,204.0,3516.0,2011
Punjab,1575.0,2199.0,109.0,197.0,147,107.0,74.0,52.0,68.0,51.0,168.0,189.0,4936.0,2011
Rajasthan,5176.0,5898.0,5891.0,3183.0,3838,3388.0,4768.0,4474.0,4870.0,5556.0,5055.0,4385.0,56482.0,2011
Sikkim,49.0,53.0,146.0,238.0,106,103.0,128.0,85.0,94.0,45.0,96.0,99.0,1242.0,2011
Tamil Nadu,10699.0,11203.0,53133.0,27017.0,27433,28436.0,29719.0,31146.0,30023.0,32483.0,32706.0,5588.0,319586.0,2011
Tripura,269.0,380.0,230.0,938.0,763,640.0,1113.0,639.0,594.0,597.0,485.0,436.0,7084.0,2011
Uttar Pradesh,794.0,710.0,438.0,844.0,1724,664.0,750.0,802.0,648.0,844.0,1259.0,1946.0,11423.0,2011
Uttarakhand,279.0,389.0,1038.0,235.0,261,605.0,519.0,1284.0,453.0,412.0,256.0,792.0,6523.0,2011
West Bengal,16760.0,14999.0,11001.0,11643.0,11666,13490.0,12131.0,13345.0,12362.0,14667.0,13499.0,15038.0,160601.0,2011
A & N Islands,218.0,185.0,111.0,134.0,176,142.0,291.0,258.0,262.0,212.0,169.0,172.0,2330.0,2012
Andhra Pradesh,2650.0,2587.0,2392.0,1754.0,2099,2237.0,2223.0,2209.0,2528.0,2478.0,2609.0,2689.0,28455.0,2012
Arunachal Pradesh,385.0,244.0,147.0,484.0,994,957.0,1056.0,1269.0,607.0,457.0,304.0,52.0,6956.0,2012
Assam,519.0,829.0,658.0,886.0,836,875.0,966.0,1099.0,1230.0,1290.0,431.0,559.0,10178.0,2012
Bihar,2311.0,1962.0,20496.0,5465.0,2800,3782.0,3567.0,5039.0,3601.0,3400.0,2494.0,2335.0,57252.0,2012
Chandigarh,306.0,260.0,308.0,359.0,192,423.0,255.0,283.0,443.0,363.0,234.0,173.0,3599.0,2012
Chhattisgarh,697.0,808.0,701.0,800.0,902,834.0,862.0,1267.0,1665.0,1369.0,633.0,661.0,11199.0,2012
Dadra & Nagar Haveli,2.0,1.0,1.0,3.0,3,2.0,0.0,3.0,8.0,1.0,0.0,0.0,24.0,2012
Daman & Diu,1.0,3.0,0.0,4.0,4,2.0,7.0,15.0,7.0,2.0,1.0,1.0,47.0,2012
Delhi,3981.0,2706.0,3131.0,2001.0,3825,3539.0,3905.0,3611.0,5679.0,5091.0,3026.0,3179.0,43674.0,2012
Goa,64.0,95.0,119.0,130.0,98,104.0,136.0,317.0,189.0,54.0,75.0,82.0,1463.0,2012
Gujarat,1669.0,1660.0,1881.0,1758.0,2137,2728.0,3308.0,3186.0,3469.0,3627.0,3254.0,2434.0,31111.0,2012
Haryana,1290.0,1176.0,728.0,2482.0,2504,2400.0,1944.0,1952.0,2990.0,2058.0,1731.0,1161.0,22416.0,2012
Himachal Pradesh,382.0,404.0,169.0,117.0,251,306.0,253.0,143.0,299.0,238.0,587.0,251.0,3400.0,2012
Jammu & Kashmir,987.0,1384.0,1325.0,782.0,500,841.0,949.0,928.0,1211.0,1204.0,805.0,1040.0,11956.0,2012
Jharkhand,151.0,67.0,42.0,65.0,59,43.0,151.0,50.0,56.0,73.0,45.0,39.0,841.0,2012
Karnataka,3893.0,4497.0,4754.0,4308.0,3529,3812.0,5119.0,5847.0,7292.0,4641.0,5009.0,4198.0,56899.0,2012
Kerala,5479.0,5280.0,6613.0,4072.0,5040,5346.0,6899.0,7127.0,7282.0,9631.0,5084.0,4696.0,72549.0,2012
Lakshadweep,8.0,7.0,7.0,31.0,5,2.0,0.0,6.0,6.0,4.0,9.0,4.0,89.0,2012
Madhya Pradesh,1806.0,3876.0,2746.0,2991.0,4247,4153.0,5547.0,4313.0,7879.0,6398.0,4043.0,3802.0,51801.0,2012
Maharashtra,1040.0,985.0,990.0,888.0,756,839.0,1169.0,1877.0,1909.0,1231.0,1455.0,1048.0,14187.0,2012
Manipur,74.0,122.0,188.0,220.0,115,173.0,168.0,168.0,149.0,97.0,80.0,95.0,1649.0,2012
Meghalaya,323.0,359.0,474.0,652.0,950,988.0,1139.0,1090.0,773.0,509.0,670.0,301.0,8228.0,2012
Mizoram,155.0,251.0,257.0,276.0,394,555.0,481.0,347.0,323.0,192.0,187.0,148.0,3566.0,2012
Nagaland,42.0,83.0,248.0,99.0,62,135.0,173.0,266.0,324.0,177.0,90.0,53.0,1752.0,2012
Odisha,3504.0,4159.0,4147.0,5652.0,4766,4213.0,5964.0,6421.0,8852.0,8050.0,4942.0,4480.0,65150.0,2012
Puducherry,320.0,1921.0,1451.0,1460.0,214,807.0,284.0,324.0,929.0,1131.0,2003.0,1754.0,12598.0,2012
Punjab,101.0,168.0,262.0,107.0,134,124.0,78.0,235.0,376.0,108.0,183.0,168.0,2044.0,2012
Rajasthan,5897.0,7290.0,6663.0,4281.0,3306,5100.0,3651.0,3745.0,4940.0,5617.0,7460.0,5133.0,63083.0,2012
Sikkim,90.0,47.0,107.0,127.0,131,107.0,202.0,109.0,166.0,115.0,83.0,38.0,1322.0,2012
Tamil Nadu,76153.0,53435.0,72502.0,64158.0,74098,77345.0,75614.0,76222.0,73975.0,80806.0,83525.0,78313.0,886146.0,2012
Tripura,520.0,664.0,626.0,500.0,405,686.0,759.0,1076.0,1068.0,920.0,518.0,580.0,8322.0,2012
Uttar Pradesh,914.0,1071.0,763.0,251.0,469,265.0,202.0,557.0,582.0,552.0,697.0,3571.0,9894.0,2012
Uttarakhand,264.0,211.0,231.0,808.0,600,417.0,616.0,593.0,213.0,685.0,320.0,260.0,5218.0,2012
West Bengal,5131.0,4725.0,5532.0,7133.0,5535,5016.0,5626.0,5676.0,8590.0,10619.0,5946.0,5274.0,74803.0,2012
A & N Islands,131.0,127.0,70.0,140.0,218,172.0,143.0,148.0,124.0,115.0,153.0,200.0,1741.0,2013
Andhra Pradesh,1312.0,1297.0,967.0,1338.0,1562,2017.0,3031.0,1755.0,1474.0,1663.0,1964.0,1529.0,19909.0,2013
Arunachal Pradesh,592.0,469.0,469.0,537.0,442,563.0,226.0,383.0,675.0,535.0,464.0,350.0,5705.0,2013
Assam,3090.0,4085.0,4086.0,1571.0,3045,6846.0,4146.0,3812.0,3139.0,2862.0,3624.0,3614.0,43920.0,2013
Bihar,1492.0,1404.0,1868.0,1297.0,1454,2050.0,2224.0,2086.0,1788.0,1412.0,2045.0,3697.0,22817.0,2013
Chandigarh,225.0,192.0,332.0,160.0,473,303.0,663.0,431.0,241.0,340.0,583.0,226.0,4169.0,2013
Chhattisgarh,860.0,748.0,688.0,406.0,635,421.0,675.0,629.0,645.0,696.0,519.0,409.0,7331.0,2013
Dadra & Nagar Haveli,19.0,35.0,32.0,2.0,3,0.0,0.0,48.0,45.0,34.0,46.0,20.0,284.0,2013
Daman & Diu,7.0,10.0,10.0,5.0,0,0.0,9.0,3.0,4.0,2.0,3.0,5.0,58.0,2013
Delhi,2288.0,2902.0,2783.0,1700.0,3046,2313.0,3251.0,4266.0,3926.0,4266.0,2485.0,1844.0,35070.0,2013
Goa,186.0,184.0,130.0,98.0,58,96.0,165.0,290.0,163.0,242.0,244.0,183.0,2039.0,2013
Gujarat,3203.0,2674.0,2094.0,1788.0,1632,2984.0,3694.0,3283.0,4008.0,4506.0,3665.0,3019.0,36550.0,2013
Haryana,226.0,251.0,518.0,74.0,494,251.0,175.0,152.0,481.0,227.0,274.0,436.0,3559.0,2013
Himachal Pradesh,239.0,337.0,265.0,166.0,239,415.0,315.0,339.0,467.0,373.0,228.0,238.0,3621.0,2013
Jammu & Kashmir,669.0,705.0,824.0,819.0,1027,1024.0,1273.0,1175.0,1305.0,1974.0,1403.0,650.0,12848.0,2013
Jharkhand,121.0,202.0,265.0,57.0,129,108.0,126.0,405.0,489.0,665.0,256.0,224.0,3047.0,2013
Karnataka,3397.0,3936.0,4591.0,4656.0,4395,4321.0,5028.0,4764.0,4518.0,3865.0,3916.0,3939.0,51326.0,2013
Kerala,6082.0,6417.0,5998.0,6184.0,6915,5892.0,7086.0,7834.0,7215.0,7081.0,7258.0,7049.0,81011.0,2013
Lakshadweep,20.0,14.0,6.0,3.0,8,6.0,23.0,44.0,8.0,1.0,5.0,8.0,146.0,2013
Madhya Pradesh,5566.0,4184.0,4264.0,2307.0,2281,2506.0,2931.0,4066.0,2907.0,4257.0,3538.0,5942.0,44749.0,2013
Maharashtra,3685.0,5428.0,4354.0,4041.0,3296,4146.0,6218.0,6405.0,5638.0,4773.0,3330.0,3989.0,55303.0,2013
Manipur,51.0,51.0,21.0,63.0,45,106.0,101.0,33.0,41.0,61.0,71.0,42.0,686.0,2013
Meghalaya,364.0,233.0,436.0,736.0,690,713.0,760.0,837.0,472.0,402.0,395.0,286.0,6324.0,2013
Mizoram,226.0,193.0,205.0,262.0,237,343.0,322.0,322.0,270.0,299.0,237.0,269.0,3185.0,2013
Nagaland,80.0,106.0,94.0,279.0,188,223.0,136.0,125.0,103.0,108.0,105.0,66.0,1613.0,2013
Odisha,3994.0,4401.0,4193.0,4698.0,3864,4257.0,5802.0,5288.0,6190.0,5653.0,5517.0,4236.0,58093.0,2013
Puducherry,845.0,279.0,324.0,1220.0,1297,1192.0,526.0,1106.0,309.0,1693.0,89.0,420.0,9300.0,2013
Punjab,411.0,839.0,593.0,123.0,79,189.0,240.0,126.0,115.0,424.0,695.0,949.0,4783.0,2013
Rajasthan,6079.0,5832.0,5530.0,3762.0,3460,2854.0,5776.0,3873.0,3765.0,3983.0,6493.0,10526.0,61933.0,2013
Sikkim,100.0,83.0,140.0,63.0,166,193.0,207.0,119.0,179.0,187.0,131.0,107.0,1675.0,2013
Tamil Nadu,73312.0,71740.0,71575.0,57523.0,60097,61410.0,73128.0,69923.0,71666.0,73438.0,75195.0,73626.0,832633.0,2013
Tripura,917.0,448.0,525.0,657.0,434,1299.0,1656.0,479.0,442.0,397.0,355.0,348.0,7957.0,2013
Uttar Pradesh,2808.0,3060.0,2759.0,1744.0,1242,1128.0,1465.0,1357.0,1600.0,1762.0,2514.0,3140.0,24579.0,2013
Uttarakhand,434.0,460.0,403.0,426.0,365,528.0,1191.0,454.0,407.0,570.0,499.0,437.0,6174.0,2013
West Bengal,5440.0,7844.0,7513.0,4689.0,4416,4383.0,4549.0,4699.0,4920.0,4522.0,4512.0,4462.0,61949.0,2013
A & N Islands,67.0,131.0,238.0,87.0,281,231.0,245.0,126.0,199.0,144.0,80.0,90.0,1919.0,2014
Andhra Pradesh,886.0,675.0,596.0,879.0,821,817.0,962.0,977.0,887.0,792.0,833.0,826.0,9951.0,2014
Arunachal Pradesh,185.0,235.0,337.0,334.0,310,433.0,515.0,604.0,625.0,486.0,402.0,206.0,4672.0,2014
Assam,1938.0,2103.0,2293.0,2626.0,2618,3221.0,2764.0,2544.0,3021.0,2721.0,1924.0,1974.0,29747.0,2014
Bihar,748.0,535.0,671.0,1954.0,1793,1151.0,1984.0,1083.0,957.0,645.0,617.0,641.0,12779.0,2014
Chandigarh,399.0,629.0,349.0,255.0,286,208.0,244.0,371.0,350.0,320.0,284.0,423.0,4118.0,2014
Chhattisgarh,735.0,685.0,785.0,624.0,569,582.0,697.0,944.0,1210.0,1250.0,789.0,668.0,9538.0,2014
Dadra & Nagar Haveli,41.0,57.0,31.0,0.0,29,16.0,28.0,100.0,44.0,88.0,25.0,139.0,598.0,2014
Daman & Diu,11.0,13.0,16.0,3.0,6,11.0,23.0,12.0,8.0,8.0,6.0,14.0,131.0,2014
Delhi,2481.0,3309.0,2673.0,2597.0,2196,2326.0,2422.0,2504.0,3695.0,4065.0,3736.0,2522.0,34526.0,2014
Goa,139.0,204.0,178.0,66.0,72,105.0,188.0,338.0,434.0,254.0,107.0,108.0,2193.0,2014
Gujarat,3325.0,5981.0,3905.0,2632.0,2476,2184.0,2426.0,3111.0,3854.0,2876.0,2875.0,3294.0,38939.0,2014
Haryana,391.0,538.0,423.0,234.0,257,261.0,359.0,476.0,393.0,309.0,417.0,433.0,4491.0,2014
Himachal Pradesh,331.0,361.0,297.0,206.0,418,201.0,229.0,301.0,348.0,420.0,327.0,287.0,3726.0,2014
Jammu & Kashmir,682.0,562.0,900.0,381.0,494,528.0,482.0,389.0,803.0,443.0,581.0,594.0,6839.0,2014
Jharkhand,95.0,122.0,223.0,233.0,261,248.0,288.0,368.0,382.0,216.0,178.0,81.0,2695.0,2014
Karnataka,4013.0,4070.0,3708.0,3214.0,2497,3021.0,3433.0,4391.0,4519.0,4492.0,3627.0,3272.0,44257.0,2014
Kerala,6562.0,7758.0,5497.0,5953.0,5287,5347.0,9406.0,12479.0,6036.0,5803.0,5841.0,6464.0,82433.0,2014
Lakshadweep,9.0,4.0,7.0,4.0,3,9.0,6.0,6.0,10.0,8.0,4.0,4.0,74.0,2014
Madhya Pradesh,4648.0,8823.0,7997.0,3217.0,3196,3520.0,3486.0,5375.0,7768.0,7333.0,5905.0,6371.0,67639.0,2014
Maharashtra,5066.0,6370.0,8300.0,5914.0,4570,4391.0,6496.0,8843.0,8508.0,6693.0,6219.0,5782.0,77152.0,2014
Manipur,63.0,180.0,210.0,74.0,83,112.0,94.0,141.0,276.0,181.0,64.0,39.0,1517.0,2014
Meghalaya,247.0,272.0,540.0,877.0,720,798.0,1064.0,918.0,891.0,392.0,349.0,260.0,7328.0,2014
Mizoram,159.0,196.0,283.0,195.0,195,187.0,185.0,268.0,197.0,272.0,313.0,203.0,2653.0,2014
Nagaland,84.0,128.0,130.0,134.0,147,98.0,140.0,163.0,164.0,146.0,54.0,22.0,1410.0,2014
Odisha,3238.0,4076.0,6315.0,4176.0,4057,3889.0,5105.0,5686.0,4883.0,5844.0,4495.0,4706.0,56470.0,2014
Puducherry,270.0,232.0,373.0,1010.0,6126,349.0,615.0,1685.0,1131.0,746.0,1339.0,359.0,14235.0,2014
Punjab,1381.0,563.0,132.0,178.0,289,938.0,752.0,946.0,714.0,658.0,567.0,481.0,7599.0,2014
Rajasthan,4778.0,6449.0,3807.0,6242.0,7408,4522.0,5302.0,3918.0,7274.0,4446.0,5108.0,4374.0,63628.0,2014
Sikkim,47.0,75.0,79.0,136.0,157,146.0,168.0,108.0,142.0,95.0,82.0,91.0,1326.0,2014
Tamil Nadu,71526.0,71471.0,69443.0,65857.0,68139,69291.0,67937.0,75041.0,70623.0,72866.0,76606.0,75666.0,854466.0,2014
Tripura,797.0,829.0,1225.0,777.0,696,864.0,1075.0,1248.0,1219.0,599.0,799.0,674.0,10802.0,2014
Uttar Pradesh,4090.0,2763.0,3487.0,2247.0,3073,2665.0,3263.0,4695.0,3543.0,2519.0,2719.0,2742.0,37806.0,2014
Uttarakhand,2855.0,2906.0,2067.0,652.0,668,596.0,666.0,2559.0,2020.0,2409.0,2817.0,2776.0,22991.0,2014
West Bengal,5068.0,6252.0,7844.0,5579.0,4886,4838.0,6115.0,6628.0,9343.0,9451.0,6600.0,4916.0,77520.0,2014
A & N Islands,115.0,115.0,67.0,163.0,123,122.0,92.0,81.0,75.0,71.0,148.0,179.0,1351.0,2015
Andhra Pradesh,1609.0,1259.0,2182.0,1040.0,972,902.0,1040.0,1053.0,1544.0,1211.0,1193.0,1416.0,15421.0,2015
Arunachal Pradesh,134.0,178.0,153.0,255.0,175,241.0,164.0,139.0,306.0,199.0,180.0,171.0,2295.0,2015
Assam,2511.0,2785.0,3381.0,3175.0,3159,2779.0,3112.0,2977.0,2385.0,3012.0,3044.0,2353.0,34673.0,2015
Bihar,565.0,485.0,554.0,396.0,451,345.0,445.0,575.0,481.0,546.0,372.0,555.0,5770.0,2015
Chandigarh,445.0,505.0,515.0,194.0,128,274.0,298.0,174.0,432.0,338.0,504.0,430.0,4237.0,2015
Chhattisgarh,1479.0,1272.0,1028.0,724.0,866,909.0,932.0,892.0,1183.0,1313.0,1102.0,1036.0,12736.0,2015
Dadra & Nagar Haveli,472.0,275.0,227.0,11.0,264,434.0,688.0,723.0,566.0,569.0,513.0,518.0,5260.0,2015
Daman & Diu,12.0,13.0,19.0,12.0,21,25.0,29.0,30.0,16.0,22.0,16.0,12.0,227.0,2015
Delhi,3382.0,2984.0,2169.0,2472.0,3203,1650.0,1026.0,984.0,2108.0,3101.0,4132.0,4546.0,31757.0,2015
Goa,217.0,330.0,245.0,167.0,93,87.0,311.0,266.0,230.0,200.0,202.0,210.0,2558.0,2015
Gujarat,4225.0,4696.0,3595.0,3181.0,2504,2784.0,3070.0,4807.0,4541.0,4909.0,4511.0,3617.0,46440.0,2015
Haryana,781.0,444.0,310.0,246.0,270,265.0,340.0,368.0,514.0,244.0,422.0,385.0,4589.0,2015
Himachal Pradesh,274.0,429.0,411.0,394.0,312,237.0,678.0,269.0,386.0,378.0,307.0,380.0,4455.0,2015
Jammu & Kashmir,578.0,931.0,668.0,397.0,324,565.0,357.0,563.0,655.0,480.0,639.0,727.0,6884.0,2015
Jharkhand,101.0,115.0,138.0,136.0,221,131.0,94.0,135.0,120.0,103.0,125.0,130.0,1549.0,2015
Karnataka,4365.0,3535.0,3574.0,3461.0,3273,3708.0,3687.0,4016.0,4681.0,3886.0,3558.0,4124.0,45868.0,2015
Kerala,5735.0,4451.0,4612.0,5810.0,5524,7760.0,9569.0,9615.0,6999.0,5709.0,6619.0,6942.0,79345.0,2015
Lakshadweep,4.0,4.0,125.0,2.0,2,0.0,20.0,24.0,6.0,25.0,26.0,26.0,264.0,2015
Madhya Pradesh,8692.0,9347.0,7208.0,4498.0,4489,4146.0,5678.0,4664.0,5869.0,8592.0,9594.0,6491.0,79268.0,2015
Maharashtra,7681.0,8684.0,9629.0,4397.0,3427,3646.0,4078.0,5738.0,5509.0,9888.0,8296.0,8481.0,79454.0,2015
Manipur,252.0,329.0,297.0,149.0,164,548.0,362.0,281.0,163.0,114.0,145.0,264.0,3068.0,2015
Meghalaya,764.0,942.0,733.0,730.0,1099,997.0,754.0,1040.0,912.0,1161.0,671.0,539.0,10342.0,2015
Mizoram,204.0,253.0,253.0,309.0,305,302.0,262.0,304.0,264.0,250.0,180.0,239.0,3125.0,2015
Nagaland,67.0,70.0,80.0,166.0,106,141.0,99.0,79.0,72.0,84.0,63.0,53.0,1080.0,2015
Odisha,6056.0,6000.0,5809.0,4239.0,3424,2859.0,4641.0,5269.0,5251.0,4796.0,5280.0,3534.0,57158.0,2015
Puducherry,277.0,209.0,258.0,425.0,116,141.0,137.0,280.0,443.0,445.0,605.0,368.0,3704.0,2015
Punjab,475.0,510.0,710.0,961.0,601,715.0,894.0,696.0,770.0,765.0,892.0,643.0,8632.0,2015
Rajasthan,2769.0,2815.0,2155.0,2917.0,1880,1855.0,2109.0,2133.0,2293.0,3643.0,2956.0,3446.0,30971.0,2015
Sikkim,66.0,44.0,91.0,157.0,229,65.0,63.0,123.0,76.0,75.0,158.0,201.0,1348.0,2015
Tamil Nadu,66900.0,63707.0,59173.0,55766.0,55739,53235.0,54222.0,61152.0,58507.0,61633.0,66974.0,71669.0,728677.0,2015
Tripura,566.0,629.0,830.0,704.0,542,699.0,486.0,792.0,728.0,695.0,622.0,458.0,7751.0,2015
Uttar Pradesh,5141.0,4194.0,5364.0,2269.0,2248,1680.0,2228.0,5439.0,5075.0,9569.0,3025.0,4869.0,51101.0,2015
Uttarakhand,2816.0,3746.0,3082.0,2564.0,2378,2468.0,3661.0,3581.0,2177.0,2739.0,2998.0,2806.0,35016.0,2015
West Bengal,7719.0,13555.0,11716.0,5336.0,5694,4876.0,5536.0,6472.0,6454.0,6033.0,6408.0,6519.0,86318.0,2015
